Class,F1,Jaccard,Accuracy
hood           ,0.01776,0.00915
front door     ,0.04476,0.02355
rear door      ,0.00437,0.00222
frame          ,0.00508,0.00256
rear quater panel,0.01673,0.00857
trunk lid      ,0.00624,0.00318
fender         ,0.01445,0.00737
bumper         ,0.00883,0.00451
rest of car    ,0.69845,0.54349
Mean           ,0.09074,0.06718
